record_id	pmid	doi	year	title_short	country_or_region	income_level	target_population	target_population_notes	setting	delivery_model	return_channel	followup_support	self_sampling_confirmed	assay_type	triage_pathway	design	n_invited	n_participated	uptake_pct	followup_closure_reported	followup_reporting_level	followup_completion_pct	followup_notes	equity_stratified_results_reported	acceptability_reported	cost_reported	key_barriers_facilitators	limitations
PMID_30216191	30216191		2018	Randomised trial of HPV self-sampling among non-attenders in the Slovenian cervical screening programme ZORA: compari...	Slovenia	HIC	nonattenders		home_mail	unk	unk	unk	Y	DNA	direct_colposcopy	individual_RCT	26556.0	8972.0	33.8	Y	referral_only		HPV-positive invited to colposcopy; completion not reported in abstract	N	N	N		Seed charting from abstract-level info; fields may be incomplete.
PMID_40726443	40726443		2025	Targeting under-screened women in cervical cancer: combining self-sampling and human papillomavirus testing with a st...	Portugal	HIC	underscreened_general		home_mail	unk	unk	reminders	Y	DNA	cytology	other	687.0	198.0	28.8	Y	completion_reported	91.7	HPV-positive referred for gynecological follow-up; 11/12 completed	N	N	N		Seed charting from abstract-level info; fields may be incomplete.
PMID_29995217	29995217		2018	A randomized trial of mailed HPV self-sampling for cervical cancer screening among ethnic minority women in South Flo...	United States	HIC	migrant_minority		home_mail	mail_to_home_return_mail	mail	unk	Y	UNK	unk	individual_RCT				Y	completion_reported	81.0		N	N	N		Seed charting from abstract-level info; fields may be incomplete.
PMID_34694179	34694179		2022	Human papillomavirus self-sampling for long-term non-attenders in cervical cancer screening: A randomised feasibility...	Estonia	HIC	nonattenders		other	unk	unk	unk	Y	UNK	cytology	individual_RCT	12000.0	2006.0	6.0	Y	referral_only			N	Y	N		Seed charting from abstract-level info; fields may be incomplete.
PMID_24736093	24736093		2014	Reasons for non-attendance to cervical screening and preferences for HPV self-sampling in Dutch women.	Netherlands	HIC	nonattenders		other	unk	unk	unk	Y	UNK	unk	other	35477.0	9484.0	1.5	Y	completion_reported	2.3		N	Y	N		Seed charting from abstract-level info; fields may be incomplete.
PMID_35313763	35313763		2022	HPV self-sampling and follow-up over two rounds of cervical screening in Australia - the iPap trial.	Australia	HIC	never_screened		other	unk	unk	reminders	Y	UNK	cytology	other		1573.0	2.7	Y	completion_reported	25.0		N	N	N		Seed charting from abstract-level info; fields may be incomplete.
PMID_26850941	26850941		2016	Home-based HPV self-sampling improves participation by never-screened and under-screened women: Results from a large ...	Australia	HIC	never_screened		home_mail	mail_to_home_return_mail	mail	reminders	Y	DNA	direct_colposcopy	individual_RCT	20.0	1649.0	2.7	Y	completion_reported	88.9	Participation reported by stratum (never-screened vs underscreened); HPV-positive follow-up reported (HPV16/18 colposcopy 62.2%; other hrHPV cytology 82.1%)	N	N	N		Seed charting from abstract-level info; fields may be incomplete.
PMID_34590066	34590066		2021	Acceptability of human papillomavirus (HPV) self-sampling among never- and under-screened Indigenous and other minori...	New Zealand	HIC	never_screened		community_outreach	outreach_event_distribution	mixed	unk	Y	UNK	cytology	individual_RCT				N	none			N	Y	N		Seed charting from abstract-level info; fields may be incomplete.
PMID_40359821	40359821		2025	Women's perceptions and preferences toward HPV self-sampling in France: A questionnaire within the French CapU4 Trial.	France	HIC	underscreened_general		other	unk	unk	unk	Y	UNK	unk	observational			9.1	Y	completion_reported	9.1		N	Y	N		Seed charting from abstract-level info; fields may be incomplete.
PMID_41267012	41267012		2025	Moroccan and Pakistani women's knowledge and perceptions on cervical cancer screening and HPV self-sampling acceptabi...	Spain	HIC	underscreened_general		other	unk	unk	unk	Y	UNK	cytology	observational				Y	referral_only			N	Y	N		Seed charting from abstract-level info; fields may be incomplete.
PMID_27855089	27855089		2016	Community-randomised controlled trial embedded in the Anishinaabek Cervical Cancer Screening Study: human papillomavi...	Canada	HIC	other	Indigenous/minority focus	community_outreach	outreach_event_distribution	mixed	unk	Y	UNK	cytology	individual_RCT				N	none			N	N	N		Seed charting from abstract-level info; fields may be incomplete.
PMID_26598955	26598955		2016	Randomized Intervention of Self-Collected Sampling for Human Papillomavirus Testing in Under-Screened Rural Women: Up...	Canada	HIC	rural_low_access	rural under-screened	other	unk	unk	unk	Y	UNK	cytology	individual_RCT		37.0	1.0	Y	referral_only			N	N	N		Seed charting from abstract-level info; fields may be incomplete.
PMID_41744859	41744859	10.3390/curroncol33020095	2026	Transitioning from Cytology to HPV Test-Based Primary Cervical Screening in Canada: A Population-Based Survey of Women's	Canada	HIC	underscreened_general		home_mail	mail_to_home_return_mail	mail	unk	Y	UNK	cytology	observational				Y	referral_only			N	Y	N		Auto-charted from abstract-level info; verify/complete when OA full text is available.
PMID_41611360	41611360	10.1016/s2468-2667(25)00304-4	2026	Uptake and performance of self-collection offered through primary care to all eligible participants in a national cervic	Australia	HIC	underscreened_general		primary_care	clinic_pickup_return_clinic	in_person	unk	Y	UNK	direct_colposcopy	other				Y	referral_only			N	N	N		Auto-charted from abstract-level info; verify/complete when OA full text is available.
PMID_41561556	41561556	10.1136/bmjph-2025-003254	2026	Understanding knowledge, beliefs, values and barriers towards cervical cancer screening and self-sampling amongst migran	UNK	UNK	migrant_minority		community_outreach	outreach_event_distribution	mixed	unk	Y	DNA	cytology	observational				Y	referral_only			N	Y	N		Auto-charted from abstract-level info; verify/complete when OA full text is available.
PMID_41505134	41505134	10.1001/jamanetworkopen.2025.51345	2026	Streamlined Self-Collection Screening for Sexually Transmitted Infections and Human Papillomavirus: A Single-Group Secon	UNK	UNK	underscreened_general		home_mail	mail_to_home_return_mail	mail	unk	Y	UNK	cytology	individual_RCT	327.0			Y	completion_reported	66.7		N	Y	N		Auto-charted from abstract-level info; verify/complete when OA full text is available.
PMID_41467104	41467104	10.2147/cmar.s552282	2025	Improving Patient Education Materials for HPV Self-Collection: Insights from Women at High Risk of Developing Cervical C	UNK	UNK	underscreened_general		home_mail	mail_to_home_return_mail	mail	unk	Y	UNK	cytology	observational				N	none			N	N	N		Auto-charted from abstract-level info; verify/complete when OA full text is available.
PMID_41459991	41459991	10.1002/ijc.70321	2025	Cancer detection using human papillomavirus self-sampling targeting long-term non-attenders in an organized cervical scr	UNK	UNK	nonattenders		other	unk	unk	unk	Y	UNK	cytology	individual_RCT			5.6	Y	completion_reported	19.0		N	N	N		Auto-charted from abstract-level info; verify/complete when OA full text is available.
PMID_41459933	41459933	10.1128/jcm.01318-25	2026	Performance of a novel, urine-based test for the detection of cervical human papillomavirus infection.	UNK	UNK	underscreened_general		primary_care	clinic_pickup_return_clinic	in_person	unk	Y	DNA	cytology	other				N	none			N	N	Y		Auto-charted from abstract-level info; verify/complete when OA full text is available.
PMID_41445714	41445714	10.1017/cts.2025.10172	2025	Patient attitudes toward HPV self-sampling and community health worker-delivered cervical cancer screening services in a	UNK	UNK	other		home_mail	unk	unk	unk	Y	UNK	cytology	observational				N	none			N	N	N		Auto-charted from abstract-level info; verify/complete when OA full text is available.
PMID_41412622	41412622	10.1136/bmjopen-2025-103915	2025	Cervical high-risk human papillomavirus infection and its associated risk factors: a community-based cross-sectional stu	UNK	UNK	other		community_outreach	outreach_event_distribution	mixed	unk	Y	DNA	cytology	other	8000.0			Y	referral_only			N	N	N		Auto-charted from abstract-level info; verify/complete when OA full text is available.
PMID_41380156	41380156	10.1097/aog.0000000000006147	2026	Preferences Among U.S. Women for Cervical Cancer Screening with Self-Collected Specimens for Human Papillomavirus Testin	United States	HIC	never_screened		primary_care	clinic_pickup_return_clinic	in_person	unk	Y	UNK	cytology	observational				Y	referral_only			N	Y	N		Auto-charted from abstract-level info; verify/complete when OA full text is available.
PMID_41167263	41167263	10.5858/arpa.2025-0325-oa	2025	Effectiveness of Human Papillomavirus Self-collection for Cervical Cancer Screening in Community Outreach Programs.	UNK	UNK	underscreened_general		community_outreach	outreach_event_distribution	mixed	unk	Y	DNA	cytology	observational				Y	referral_only			N	Y	N		Auto-charted from abstract-level info; verify/complete when OA full text is available.
PMID_41161016	41161016	10.1016/j.jcv.2025.105883	2025	Performance of the Alinity m HR HPV assay on self-collected vaginal samples compared to clinician-collected cervical sam	UNK	UNK	underscreened_general		primary_care	clinic_pickup_return_clinic	in_person	unk	Y	UNK	direct_colposcopy	other				Y	referral_only			N	N	N		Auto-charted from abstract-level info; verify/complete when OA full text is available.
PMID_41118505	41118505	10.1097/olq.0000000000002256	2026	Underscreened Women's Reactions to At-Home Self-Collected Human Papillomavirus Test Result Delivery.	UNK	UNK	underscreened_general		home_mail	mail_to_home_return_mail	mail	unk	Y	UNK	cytology	observational		93.0		Y	referral_only			N	Y	N		Auto-charted from abstract-level info; verify/complete when OA full text is available.
PMID_41103225	41103225	10.53738/revmed.2025.21.935.47907	2025	[HPV self-sampling and cervical cancer screening].	UNK	UNK	underscreened_general		other	unk	unk	unk	Y	UNK	cytology	other				N	none			N	N	N		Auto-charted from abstract-level info; verify/complete when OA full text is available.
PMID_41065509	41065509	10.1002/ijc.70184	2026	Under which realistic circumstances is hrHPV self-sampling increasing cervical screening effectiveness in a partly vacci	Netherlands	HIC	nonattenders		primary_care	clinic_pickup_return_clinic	in_person	unk	Y	UNK	cytology	other		100.0	0.0	Y	completion_reported	50.0		N	N	Y		Auto-charted from abstract-level info; verify/complete when OA full text is available.
PMID_41032297	41032297	10.1001/jamanetworkopen.2025.34960	2025	Cost-Effectiveness of HPV Self-Testing Options for Cervical Cancer Screening.	UNK	UNK	underscreened_general		home_mail	mail_to_home_return_mail	mail	reminders	Y	UNK	cytology	individual_RCT	355.0			Y	completion_reported	5.0		N	N	Y		Auto-charted from abstract-level info; verify/complete when OA full text is available.
PMID_40892862	40892862	10.1371/journal.pgph.0005149	2025	The acceptability, safety, and performance of primary cervical screening through self-collected vaginal samples in an ur	UNK	UNK	underscreened_general		primary_care	clinic_pickup_return_clinic	in_person	unk	Y	DNA	direct_colposcopy	observational	2256.0	30.0	71.1	Y	referral_only			N	Y	N		Auto-charted from abstract-level info; verify/complete when OA full text is available.
PMID_40789299	40789299	10.1016/s2468-2667(25)00172-0	2025	Cervical screening approach of self-collection, point-of-care HPV testing, and same-day colposcopy among Aboriginal and 	Australia	HIC	never_screened		community_outreach	outreach_event_distribution	mixed	unk	Y	UNK	cytology	program_evaluation	844.0	108.0	36.0	Y	completion_reported	95.0		N	N	N		Auto-charted from abstract-level info; verify/complete when OA full text is available.
PMID_40598474	40598474	10.1186/s12916-025-04219-3	2025	Exponential uptake of HPV self-collected cervical screening testing 2 years since universal availability in Victoria, Au	Australia	HIC	never_screened		other	unk	unk	unk	Y	UNK	direct_colposcopy	other				Y	referral_only			N	N	N		Auto-charted from abstract-level info; verify/complete when OA full text is available.
PMID_40457337	40457337	10.1186/s12916-025-04149-0	2025	High-risk human papillomavirus testing in first-void urine as a novel and non-invasive cervical cancer screening modalit	UNK	UNK	underscreened_general		primary_care	clinic_pickup_return_clinic	in_person	unk	Y	DNA	direct_colposcopy	program_evaluation				Y	referral_only			N	Y	N		Auto-charted from abstract-level info; verify/complete when OA full text is available.
PMID_40427897	40427897	10.3390/ijerph22050783	2025	Barriers and Opportunities for HPV Self-Sampling in Underserved Rural Communities: Insights from a Mixed Methods Study.	UNK	UNK	other		other	unk	unk	unk	Y	UNK	unk	observational				N	none			N	N	N		Auto-charted from abstract-level info; verify/complete when OA full text is available.
PMID_40238291	40238291	10.3390/ijerph22030317	2025	HPV Self-Sampling Promotion Among African American (AA) and Sub-Saharan African (SAI) Immigrant Women: Adaptation and Us	UNK	UNK	underscreened_general		community_outreach	outreach_event_distribution	mixed	unk	Y	UNK	cytology	other				N	none			N	Y	N		Auto-charted from abstract-level info; verify/complete when OA full text is available.
PMID_40209155	40209155	10.1097/lgt.0000000000000887	2025	Self-Collected Swabs for Primary HPV Screening in an Underscreened Population in Hawaii.	United States	HIC	underscreened_general		other	unk	unk	unk	Y	UNK	cytology	observational				Y	referral_only			N	Y	N		Auto-charted from abstract-level info; verify/complete when OA full text is available.
PMID_40132158	40132158	10.1177/21501319251320178	2025	General Practitioners' Needs and Preferences Regarding the Provision of Self-sampling Tests for Cervical Cancer Screenin	UNK	UNK	underscreened_general		home_mail	mail_to_home_return_mail	mail	reminders	Y	UNK	cytology	observational				N	none			N	Y	Y		Auto-charted from abstract-level info; verify/complete when OA full text is available.
PMID_40033233	40033233	10.1186/s12879-025-10714-y	2025	Comparative analysis of SD biosensor standard™ M10 HPV and seegene anyplex™ II HPV HR for detecting high-risk human papi	UNK	UNK	other		primary_care	clinic_pickup_return_clinic	in_person	unk	Y	DNA	cytology	other				N	none			N	N	N		Auto-charted from abstract-level info; verify/complete when OA full text is available.
PMID_39982254	39982254	10.1097/lgt.0000000000000885	2025	Self-Collected Vaginal Specimens for HPV Testing: Recommendations From the Enduring Consensus Cervical Cancer Screening 	UNK	UNK	underscreened_general		primary_care	clinic_pickup_return_clinic	in_person	unk	Y	UNK	direct_colposcopy	other				Y	referral_only			N	Y	N		Auto-charted from abstract-level info; verify/complete when OA full text is available.
PMID_39970046	39970046	10.1177/21501319251320172	2025	Assessing the Acceptability of a Vaginal Self-Sampling Device in a Rural Parish of Cuenca, Ecuador.	UNK	UNK	other		community_outreach	outreach_event_distribution	mixed	unk	Y	UNK	cytology	observational				N	none			N	Y	N		Auto-charted from abstract-level info; verify/complete when OA full text is available.
PMID_39857972	39857972	10.3390/cancers17020190	2025	Beliefs and Perceptions in Attending the Cervical Screening: The COMUNISS Project Experience.	UNK	UNK	underscreened_general		home_mail	unk	unk	unk	Y	UNK	unk	observational				Y	referral_only			N	Y	N		Auto-charted from abstract-level info; verify/complete when OA full text is available.
PMID_39727713	39727713	10.3390/curroncol31120590	2024	Breaking Barriers: Empowering Cervical Cancer Screening with HPV Self-Sampling for Sex Workers and Formerly Incarcerated	Canada	HIC	never_screened		community_outreach	outreach_event_distribution	mixed	unk	Y	DNA	cytology	observational				Y	completion_reported	5.0		N	Y	N		Auto-charted from abstract-level info; verify/complete when OA full text is available.
PMID_39682257	39682257	10.3390/cancers16234071	2024	Addressing COVID-19 Screening Delays: The Impact of HPV Self-Sampling on Non-Attenders in a Cervical Cancer Screening Pr	UNK	UNK	nonattenders		primary_care	clinic_pickup_return_clinic	in_person	unk	Y	UNK	direct_colposcopy	other			79.5	Y	completion_reported	9.5		N	N	N		Auto-charted from abstract-level info; verify/complete when OA full text is available.
PMID_39666756	39666756	10.1371/journal.pmed.1004494	2024	Human papillomavirus genotype and cycle threshold value from self-samples and risk of high-grade cervical lesions: A pos	UNK	UNK	nonattenders		primary_care	clinic_pickup_return_clinic	in_person	unk	Y	DNA	direct_colposcopy	program_evaluation				Y	referral_only			N	Y	N		Auto-charted from abstract-level info; verify/complete when OA full text is available.
PMID_39579017	39579017	10.1002/ijc.35263	2025	Participation and relative cost of attendance by direct-mail compared to opt-in invitation strategy for HPV self-samplin	UNK	UNK	nonattenders		primary_care	clinic_pickup_return_clinic	in_person	unk	Y	UNK	unk	individual_RCT	49393.0	2426.0	5.2	Y	referral_only			N	N	Y		Auto-charted from abstract-level info; verify/complete when OA full text is available.
PMID_39559277	39559277	10.1016/j.xagr.2024.100414	2024	Rural women's preferences for cervical cancer screening via HPV self-sampling: a discrete choice experiment study in chi	UNK	UNK	never_screened		other	unk	unk	unk	Y	UNK	unk	observational				N	none			N	Y	N		Auto-charted from abstract-level info; verify/complete when OA full text is available.
PMID_39516742	39516742	10.1186/s12885-024-13113-9	2024	Cervical precancer screening using self-sampling, HPV DNA testing, and mobile colposcopy in a hard-to-reach community in	UNK	UNK	other		community_outreach	outreach_event_distribution	mixed	unk	Y	DNA	direct_colposcopy	program_evaluation				Y	completion_reported	1.4		N	N	N		Auto-charted from abstract-level info; verify/complete when OA full text is available.
PMID_39493836	39493836	10.1016/j.lana.2024.100901	2024	On the path toward cervical cancer elimination in Canada: a national survey of factors influencing women's intentions to	Canada	HIC	underscreened_general		other	unk	unk	unk	Y	UNK	cytology	observational				N	none			N	N	N		Auto-charted from abstract-level info; verify/complete when OA full text is available.
PMID_39273727	39273727	10.3390/healthcare12171704	2024	Experiences and Perceptions of Cervical Cancer Screening Using Self-Sampling among Under-Screened Women in Flanders.	UNK	UNK	underscreened_general		other	unk	unk	unk	Y	UNK	cytology	observational				N	none			N	Y	N		Auto-charted from abstract-level info; verify/complete when OA full text is available.
PMID_39195300	39195300	10.3390/curroncol31080317	2024	HPV Self-Sampling for Cervical Cancer Screening in Under-Screened Saskatchewan Populations: A Pilot Study.	Canada	HIC	rural_low_access	rural under-screened	home_mail	mail_to_home_return_mail	mail	unk	Y	DNA	unk	other			6.0	N	none			N	N	N		Auto-charted from abstract-level info; verify/complete when OA full text is available.
PMID_39109609	39109609	10.1097/gco.0000000000000979	2024	Enhancing equity in cervical screening - initiatives to increase screening participation.	UNK	UNK	never_screened		other	unk	unk	reminders	Y	UNK	cytology	other				N	none			N	N	N		Auto-charted from abstract-level info; verify/complete when OA full text is available.
PMID_39043209	39043209	10.1002/cam4.70033	2024	A qualitative assessment of the acceptability of human papillomavirus self-sampling and informational materials among di	UNK	UNK	underscreened_general		home_mail	unk	unk	reminders	Y	UNK	cytology	observational				Y	referral_only			Y	Y	N		Auto-charted from abstract-level info; verify/complete when OA full text is available.
PMID_38960815	38960815	10.1016/j.whi.2024.05.005	2024	Health Care Provider Willingness to Recommend Self-collected Tests for Human Papillomavirus: A Mixed Methods Examination	UNK	UNK	underscreened_general		community_outreach	outreach_event_distribution	mixed	unk	Y	UNK	cytology	observational				Y	referral_only			N	Y	N		Auto-charted from abstract-level info; verify/complete when OA full text is available.
PMID_38871762	38871762	10.1038/s41598-024-64462-1	2024	Cervical cancer screening and vaccination acceptability and attitudes among Arab American women in Southeastern Michigan	UNK	UNK	other		community_outreach	outreach_event_distribution	mixed	unk	Y	UNK	cytology	other				Y	referral_only			Y	Y	N		Auto-charted from abstract-level info; verify/complete when OA full text is available.
PMID_38864276	38864276	10.1089/jwh.2024.0284	2024	Building Capacity for Cervical Cancer Prevention in U.S.-Affiliated Pacific Islands: The Pacific Against Cervical Cancer	United States	HIC	underscreened_general		community_outreach	outreach_event_distribution	mixed	unk	Y	UNK	cytology	program_evaluation				Y	referral_only			N	Y	Y		Auto-charted from abstract-level info; verify/complete when OA full text is available.
PMID_38781145	38781145	10.1371/journal.pgph.0003186	2024	Patient preference and acceptability of self-sampling for cervical screening in colposcopy clinic attenders: A cross-sec	UNK	UNK	underscreened_general		community_outreach	outreach_event_distribution	mixed	unk	Y	DNA	direct_colposcopy	observational			6.0	Y	referral_only			N	Y	N		Auto-charted from abstract-level info; verify/complete when OA full text is available.
PMID_38751040	38751040	10.1002/ijc.34989	2024	Sociodemographic characteristics associated with cervical cancer screening participation by send-to-all and opt-in HPV s	UNK	UNK	underscreened_general		other	unk	unk	reminders	Y	UNK	unk	individual_RCT	6000.0	35.0	7.1	Y	referral_only			Y	N	N		Auto-charted from abstract-level info; verify/complete when OA full text is available.
PMID_38649876	38649876	10.1186/s12889-024-18551-5	2024	Acceptability of self-collected vaginal samples for human papillomavirus testing for primary cervical cancer screening: 	UNK	UNK	underscreened_general		primary_care	clinic_pickup_return_clinic	in_person	unk	Y	DNA	cytology	observational		1200.0	8.9	Y	referral_only			N	Y	N		Auto-charted from abstract-level info; verify/complete when OA full text is available.
PMID_38060284	38060284	10.1093/jncics/pkad103	2024	Self-sampling tools to increase cancer screening among underserved patients: a pilot randomized controlled trial.	UNK	UNK	other		home_mail	mail_to_home_return_mail	mail	reminders	Y	UNK	cytology	individual_RCT				Y	referral_only			Y	N	N		Auto-charted from abstract-level info; verify/complete when OA full text is available.
PMID_37958337	37958337	10.3390/cancers15215163	2023	Acceptability to Healthcare Professionals of Home-Based HPV Self-Sampling for Cervical Screening: A French Qualitative S	France	HIC	underscreened_general		home_mail	mail_to_home_return_mail	mail	unk	Y	UNK	unk	individual_RCT				Y	referral_only			N	Y	N		Auto-charted from abstract-level info; verify/complete when OA full text is available.
PMID_37935320	37935320	10.1016/j.amepre.2023.10.020	2024	Self-Sampling for Human Papillomavirus Testing: Acceptability in a U.S. Safety Net Health System.	United States	HIC	underscreened_general		home_mail	mail_to_home_return_mail	mail	unk	Y	UNK	cytology	observational				N	none			N	Y	N		Auto-charted from abstract-level info; verify/complete when OA full text is available.
PMID_37664989	37664989	10.7554/elife.86358	2023	Examining the perceived impact of the COVID-19 pandemic on cervical cancer screening practices among clinicians practici	United States	HIC	other		primary_care	clinic_pickup_return_clinic	in_person	unk	Y	UNK	direct_colposcopy	observational				Y	completion_reported	28.0		Y	N	N		Auto-charted from abstract-level info; verify/complete when OA full text is available.
PMID_37633857	37633857	10.1007/s10552-023-01778-9	2024	HPV self-sampling among women in the United States: preferences for implementation.	United States	HIC	other		home_mail	unk	unk	unk	Y	UNK	unk	other				Y	referral_only			N	Y	N		Auto-charted from abstract-level info; verify/complete when OA full text is available.
PMID_37504372	37504372	10.3390/curroncol30070512	2023	Are Canadian Women Prepared for the Transition to Primary HPV Testing in Cervical Screening? A National Survey of Knowle	UNK	UNK	underscreened_general		other	unk	unk	unk	Y	UNK	unk	observational				Y	referral_only			N	N	N		Auto-charted from abstract-level info; verify/complete when OA full text is available.
PMID_37504357	37504357	10.3390/curroncol30070497	2023	Implementation of a Cervical Cancer Screening Intervention for Under- or Never-Screened Women in Ontario, Canada: Unders	Canada	HIC	never_screened		community_outreach	outreach_event_distribution	mixed	unk	Y	UNK	cytology	observational				Y	referral_only			N	Y	N		Auto-charted from abstract-level info; verify/complete when OA full text is available.
PMID_37339642	37339642	10.1055/s-0043-1770134	2023	A New Brazilian Device for Cervical Cancer Screening: Acceptability and Accuracy of Self-sampling.	UNK	UNK	underscreened_general		other	unk	unk	unk	Y	UNK	unk	observational	2016.0			Y	referral_only			N	Y	N		Auto-charted from abstract-level info; verify/complete when OA full text is available.
PMID_37280031	37280031	10.1136/bmjopen-2022-068940	2023	Two self-sampling strategies for HPV primary cervical cancer screening compared with clinician-collected sampling: an ec	UNK	UNK	nonattenders		home_mail	mail_to_home_return_mail	mail	unk	Y	UNK	direct_colposcopy	program_evaluation			0.0	Y	completion_reported	0.0		N	N	Y		Auto-charted from abstract-level info; verify/complete when OA full text is available.
PMID_37232493	37232493	10.7554/elife.84664	2023	Perceived barriers to cervical cancer screening and motivators for at-home human papillomavirus self-sampling during the	UNK	UNK	underscreened_general		home_mail	mail_to_home_return_mail	mail	unk	Y	UNK	cytology	individual_RCT				Y	completion_reported	9.3		Y	N	N		Auto-charted from abstract-level info; verify/complete when OA full text is available.
PMID_37182529	37182529	10.1016/s2468-2667(23)00076-2	2023	Effect of HPV self-collection kits on cervical cancer screening uptake among under-screened women from low-income US bac	UNK	UNK	underscreened_general		home_mail	mail_to_home_return_mail	mail	reminders	Y	DNA	cytology	individual_RCT		697.0	78.0	Y	referral_only			N	N	N		Auto-charted from abstract-level info; verify/complete when OA full text is available.
PMID_37100874	37100874	10.1038/s41416-023-02277-z	2023	Evaluation of DNA methylation biomarkers ASCL1 and LHX8 on HPV-positive self-collected samples from primary HPV-based sc	UNK	UNK	never_screened		primary_care	clinic_pickup_return_clinic	in_person	unk	Y	UNK	cytology	other		593.0		Y	referral_only			N	N	N		Auto-charted from abstract-level info; verify/complete when OA full text is available.
PMID_37041530	37041530	10.1186/s12889-023-15602-1	2023	Effectiveness of family-centred sexual health education and HPV self-sampling in promoting cervical cancer screening amo	UNK	UNK	other		home_mail	unk	unk	unk	Y	UNK	cytology	observational				Y	referral_only			N	N	N		Auto-charted from abstract-level info; verify/complete when OA full text is available.
PMID_36947040	36947040	10.1001/jamanetworkopen.2023.4052	2023	Economic Evaluation of Mailed Home-Based Human Papillomavirus Self-sampling Kits for Cervical Cancer Screening.	UNK	UNK	underscreened_general		home_mail	mail_to_home_return_mail	mail	reminders	Y	UNK	cytology	individual_RCT	9960.0			Y	referral_only			N	N	Y		Auto-charted from abstract-level info; verify/complete when OA full text is available.
PMID_36906527	36906527	10.1186/s12889-023-15402-7	2023	Mailing human papillomavirus self-sampling kits to women under-screened for cervical cancer improved detection in cervic	Netherlands	HIC	underscreened_general		home_mail	mail_to_home_return_mail	mail	unk	Y	UNK	cytology	other	653.0	953.0		N	none			N	N	N		Auto-charted from abstract-level info; verify/complete when OA full text is available.
PMID_36893182	36893182	10.1371/journal.pone.0282853	2023	Leveraging COVID-era innovation for cervical cancer screening: Clinician awareness and attitudes toward self-sampling an	UNK	UNK	underscreened_general		primary_care	clinic_pickup_return_clinic	in_person	unk	Y	UNK	cytology	observational				Y	referral_only			Y	Y	N		Auto-charted from abstract-level info; verify/complete when OA full text is available.
PMID_36870436	36870436	10.1016/j.jogc.2023.02.012	2023	Acceptability and Preferences of Dry HR HPV Self-Sampling Mailed Kits Among Canadian Women: A Cross-Sectional Study.	UNK	UNK	underscreened_general		home_mail	mail_to_home_return_mail	mail	unk	Y	UNK	cytology	individual_RCT		400.0	7.5	N	none			N	Y	N		Auto-charted from abstract-level info; verify/complete when OA full text is available.
PMID_36698140	36698140	10.1186/s12905-023-02174-w	2023	Reach and effectiveness of an HPV self-sampling intervention for cervical screening amongst under- or never-screened wom	Canada	HIC	never_screened		home_mail	unk	unk	unk	Y	UNK	cytology	observational		108.0		Y	referral_only			N	Y	N		Auto-charted from abstract-level info; verify/complete when OA full text is available.
PMID_36451884	36451884	10.1101/2022.11.20.22282562	2022	Perceived barriers to cervical cancer screening and motivators for at-home human papillomavirus self-sampling during the	UNK	UNK	underscreened_general		home_mail	mail_to_home_return_mail	mail	unk	Y	UNK	cytology	individual_RCT				Y	completion_reported	9.3		N	N	N		Auto-charted from abstract-level info; verify/complete when OA full text is available.
PMID_36449291	36449291	10.1001/jamanetworkopen.2022.44343	2022	Effect of Patient Characteristics on Uptake of Screening Using a Mailed Human Papillomavirus Self-sampling Kit: A Second	UNK	UNK	underscreened_general		home_mail	mail_to_home_return_mail	mail	reminders	Y	UNK	cytology	individual_RCT	9843.0		6.3	Y	referral_only			N	N	N		Auto-charted from abstract-level info; verify/complete when OA full text is available.
PMID_36433760	36433760	10.1177/10732748221135441	2022	Cervical Cancer-Related Knowledge, Attitudes, Practices and Self-Screening Acceptance Among Patients, Employees, and Soc	UNK	UNK	underscreened_general		primary_care	clinic_pickup_return_clinic	in_person	unk	Y	UNK	direct_colposcopy	observational				Y	referral_only			N	N	N		Auto-charted from abstract-level info; verify/complete when OA full text is available.
PMID_36420004	36420004	10.3389/fpubh.2022.938272	2022	Effectiveness and feasibility of self-sampling for human papillomavirus testing for internet-based cervical cancer scree	UNK	UNK	underscreened_general		primary_care	clinic_pickup_return_clinic	in_person	unk	Y	UNK	cytology	observational				N	none			Y	Y	N		Auto-charted from abstract-level info; verify/complete when OA full text is available.
PMID_36385698	36385698	10.1002/ijc.34358	2023	Widening the offer of human papillomavirus self-sampling to all women eligible for cervical screening: Make haste slowly	UNK	UNK	underscreened_general		primary_care	clinic_pickup_return_clinic	in_person	unk	Y	UNK	cytology	program_evaluation				Y	referral_only			N	N	Y		Auto-charted from abstract-level info; verify/complete when OA full text is available.
PMID_36371904	36371904	10.1016/j.ygyno.2022.10.027	2023	The cost-effectiveness of opt-in and send-to-all HPV self-sampling among long-term non-attenders to cervical cancer scre	UNK	UNK	nonattenders		home_mail	mail_to_home_return_mail	mail	reminders	Y	UNK	cytology	individual_RCT				Y	referral_only			N	N	Y		Auto-charted from abstract-level info; verify/complete when OA full text is available.
PMID_36099416	36099416	10.1158/1055-9965.epi-22-0712	2023	Sociodemographic Characteristics and Screening Outcomes of Women Preferring Self-Sampling in the Dutch Cervical Cancer S	Netherlands	HIC	underscreened_general		primary_care	clinic_pickup_return_clinic	in_person	unk	Y	DNA	cytology	other	857866.0			Y	referral_only			N	N	N		Auto-charted from abstract-level info; verify/complete when OA full text is available.
PMID_35995936	35995936	10.1038/s41416-022-01954-9	2022	HPV self-sampling among long-term non-attenders to cervical cancer screening in Norway: a pragmatic randomised controlle	UNK	UNK	nonattenders		primary_care	clinic_pickup_return_clinic	in_person	reminders	Y	DNA	cytology	individual_RCT		6000.0	4.8	Y	completion_reported	92.5		N	N	N		Auto-charted from abstract-level info; verify/complete when OA full text is available.
PMID_35968487	35968487	10.3389/fpubh.2022.962039	2022	Assessing Canadian women's preferences for cervical cancer screening: A brief report.	Canada	HIC	underscreened_general		other	unk	unk	unk	Y	UNK	cytology	observational				Y	referral_only			N	Y	N		Auto-charted from abstract-level info; verify/complete when OA full text is available.
PMID_35959498	35959498	10.1016/j.pmedr.2022.101929	2022	Harms and benefits of cervical cancer screening among non-attenders in Switzerland: The transition towards HPV-based scr	UNK	UNK	nonattenders		other	unk	unk	unk	Y	UNK	direct_colposcopy	other				Y	referral_only			N	N	Y		Auto-charted from abstract-level info; verify/complete when OA full text is available.
PMID_35594924	35594924	10.1016/j.ypmed.2022.107096	2022	Operational experiences from the general implementation of HPV self-sampling to Danish screening non-attenders.	UNK	UNK	nonattenders		primary_care	clinic_pickup_return_clinic	in_person	reminders	Y	UNK	unk	program_evaluation	501.0	73.0	73.0	Y	completion_reported	73.0		N	N	Y		Auto-charted from abstract-level info; verify/complete when OA full text is available.
PMID_35270303	35270303	10.3390/ijerph19052610	2022	Human Papillomavirus Self-Sampling for Primary Cervical Cancer Screening in Under-Screened Women in Hong Kong during the	UNK	UNK	underscreened_general		community_outreach	outreach_event_distribution	mixed	unk	Y	UNK	unk	other		321.0	1.6	Y	referral_only			N	N	N		Auto-charted from abstract-level info; verify/complete when OA full text is available.
PMID_35200547	35200547	10.3390/curroncol29020047	2022	Cervical Cancer Prevention and High-Risk HPV Self-Sampling Awareness and Acceptability among Women Living with HIV: A Qu	UNK	UNK	underscreened_general		other	unk	unk	unk	Y	DNA	cytology	observational				N	none			N	Y	N		Auto-charted from abstract-level info; verify/complete when OA full text is available.
PMID_35193408	35193408	10.1177/10732748221076813	2022	Empowering Low-Income Asian American Women to Conduct Human Papillomavirus Self-Sampling Test: A Community-Engaged and C	United States	HIC	other		community_outreach	outreach_event_distribution	mixed	navigation	Y	UNK	cytology	other				Y	referral_only			N	N	N		Auto-charted from abstract-level info; verify/complete when OA full text is available.
PMID_35147064	35147064	10.1177/17455065221075905	2022	The experience of under-screened and never-screened participants using clinician-supported self-collection cervical scre	Australia	HIC	never_screened		primary_care	clinic_pickup_return_clinic	in_person	unk	Y	UNK	cytology	observational				N	none			N	N	N		Auto-charted from abstract-level info; verify/complete when OA full text is available.
PMID_34875556	34875556	10.1016/j.ejogrb.2021.11.430	2022	Feasibility of sending a direct send HPV self-sampling kit to long-term non-attenders in an organized cervical screening	UNK	UNK	nonattenders		other	unk	unk	reminders	Y	UNK	direct_colposcopy	individual_RCT	591.0	591.0	20.2	Y	completion_reported	0.0		N	N	N		Auto-charted from abstract-level info; verify/complete when OA full text is available.
PMID_34861338	34861338	10.1016/j.ypmed.2021.106900	2022	Worldwide use of HPV self-sampling for cervical cancer screening.	UNK	UNK	underscreened_general		primary_care	clinic_pickup_return_clinic	in_person	unk	Y	UNK	cytology	other				N	none			N	N	N		Auto-charted from abstract-level info; verify/complete when OA full text is available.
PMID_34800474	34800474	10.1016/j.ypmed.2021.106896	2022	Does mailing unsolicited HPV self-sampling kits to women overdue for cervical cancer screening impact uptake of other pr	United States	HIC	underscreened_general		home_mail	mail_to_home_return_mail	mail	reminders	Y	UNK	cytology	individual_RCT	2014.0			Y	referral_only			N	N	N		Auto-charted from abstract-level info; verify/complete when OA full text is available.
PMID_34682565	34682565	10.3390/ijerph182010820	2021	Feasibility of Utilizing Social Media to Promote HPV Self-Collected Sampling among Medically Underserved Women in a Rura	United States	HIC	other		other	unk	unk	unk	Y	UNK	cytology	observational				N	none			N	N	Y		Auto-charted from abstract-level info; verify/complete when OA full text is available.
PMID_34535615	34535615	10.1097/olq.0000000000001557	2022	Prevalence of High-Risk Human Papillomavirus by RNA Assay in Home Self-Collected Samples Among Underscreened People in N	United States	HIC	underscreened_general		primary_care	clinic_pickup_return_clinic	in_person	unk	Y	DNA	cytology	individual_RCT				Y	referral_only			N	N	N		Auto-charted from abstract-level info; verify/complete when OA full text is available.
PMID_34462004	34462004	10.1186/s13690-021-00667-4	2021	Cervical cancer screening using HPV tests on self-samples: attitudes and preferences of women participating in the VALHU	UNK	UNK	underscreened_general		primary_care	clinic_pickup_return_clinic	in_person	unk	Y	UNK	direct_colposcopy	observational				Y	referral_only			N	Y	N		Auto-charted from abstract-level info; verify/complete when OA full text is available.
PMID_34373426	34373426	10.11236/jph.21-025	2021	[A feasibility study on cervical screening in non-attenders invited to undergo HPV self-sampling with cytology triage ve	UNK	UNK	nonattenders		home_mail	mail_to_home_return_mail	mail	unk	Y	UNK	cytology	other			5.9	Y	completion_reported	5.9		N	N	N		Auto-charted from abstract-level info; verify/complete when OA full text is available.
PMID_34191754	34191754	10.1097/cej.0000000000000701	2022	Updated evidence-based recommendations for cervical cancer screening in France.	France	HIC	underscreened_general		primary_care	clinic_pickup_return_clinic	in_person	unk	Y	UNK	direct_colposcopy	program_evaluation				Y	referral_only			N	N	N		Auto-charted from abstract-level info; verify/complete when OA full text is available.
PMID_34032158	34032158	10.1177/17455065211017070	2021	Cervical pap smears and pandemics: The effect of COVID-19 on screening uptake & opportunities to improve.	UNK	UNK	nonattenders		home_mail	unk	unk	unk	Y	UNK	direct_colposcopy	other				Y	referral_only			N	N	N		Auto-charted from abstract-level info; verify/complete when OA full text is available.
PMID_34031326	34031326		2021	Self-sampling in Human Papillomavirus screening during and post-COVID-19 pandemic.	UNK	UNK	other		community_outreach	outreach_event_distribution	mixed	unk	Y	DNA	cytology	observational				Y	completion_reported	80.0		N	Y	N		Auto-charted from abstract-level info; verify/complete when OA full text is available.
PMID_33985644	33985644	10.1071/py20209	2021	Incorporation of human papillomavirus self-sampling into the revised National Cervical Screening Program: a qualitative 	Australia	HIC	never_screened		primary_care	clinic_pickup_return_clinic	in_person	unk	Y	UNK	cytology	observational				Y	referral_only			N	Y	N		Auto-charted from abstract-level info; verify/complete when OA full text is available.
PMID_33857013	33857013	10.1158/1055-9965.epi-20-1628	2021	Cervical Cancer Screening-Past, Present, and Future.	United States	HIC	other		primary_care	clinic_pickup_return_clinic	in_person	unk	Y	UNK	cytology	individual_RCT				Y	referral_only			N	N	N		Auto-charted from abstract-level info; verify/complete when OA full text is available.
PMID_33771846	33771846	10.1158/1055-9965.epi-20-1673	2021	Cost-Effectiveness of Offering Cervical Cancer Screening with HPV Self-Sampling among African-American Women in the Miss	United States	HIC	underscreened_general		home_mail	unk	unk	unk	Y	UNK	direct_colposcopy	individual_RCT				Y	referral_only			Y	N	Y		Auto-charted from abstract-level info; verify/complete when OA full text is available.
PMID_33764704	33764704	10.2478/raon-2021-0001	2021	Long term results of follow-up after HPV self-sampling with devices Qvintip and HerSwab in women non-attending cervical 	Slovenia	HIC	nonattenders		primary_care	clinic_pickup_return_clinic	in_person	unk	Y	DNA	direct_colposcopy	other				Y	referral_only			N	N	N		Auto-charted from abstract-level info; verify/complete when OA full text is available.
PMID_33547144	33547144	10.1158/1055-9965.epi-20-1538	2021	Will COVID-19 Be the Tipping Point for Primary HPV Self-sampling?	Australia	HIC	other		community_outreach	outreach_event_distribution	mixed	unk	Y	UNK	unk	other				Y	referral_only			N	N	N		Auto-charted from abstract-level info; verify/complete when OA full text is available.
PMID_33388330	33388330	10.1016/j.ypmed.2020.106400	2021	Cervical cancer screening in the United States: Challenges and potential solutions for underscreened groups.	United States	HIC	rural_low_access	rural under-screened	community_outreach	outreach_event_distribution	mixed	navigation	Y	UNK	unk	other				Y	referral_only			Y	N	Y		Auto-charted from abstract-level info; verify/complete when OA full text is available.
PMID_33338505	33338505	10.1016/j.ypmed.2020.106358	2021	Given a choice between self-sampling at home for HPV testing and standard of care screening at the clinic, what do Afric	UNK	UNK	rural_low_access	rural under-screened	home_mail	unk	unk	unk	Y	UNK	cytology	cluster_RCT				Y	completion_reported	76.0		N	N	N		Auto-charted from abstract-level info; verify/complete when OA full text is available.
PMID_33219163	33219163	10.1158/1055-9965.epi-20-0998	2021	Could HPV Testing on Self-collected Samples Be Routinely Used in an Organized Cervical Screening Program? A Modeled Anal	Australia	HIC	underscreened_general		primary_care	clinic_pickup_return_clinic	in_person	unk	Y	UNK	cytology	other			6.2	Y	completion_reported	15.0		N	N	N		Auto-charted from abstract-level info; verify/complete when OA full text is available.
PMID_33106125	33106125	10.1080/03630242.2020.1831683	2021	Acceptability of vaginal self-sampling with high-risk human papillomavirus testing for cervical cancer screening: a Fren	France	HIC	underscreened_general		home_mail	unk	unk	unk	Y	UNK	cytology	observational		60.0	0.0	Y	referral_only			N	Y	N		Auto-charted from abstract-level info; verify/complete when OA full text is available.
PMID_32867315	32867315	10.3390/ijerph17176245	2020	Acceptability and Feasibility of HPV Self-Sampling as an Alternative Primary Cervical Cancer Screening in Under-Screened	UNK	UNK	underscreened_general		home_mail	unk	unk	unk	Y	UNK	cytology	observational		177.0	3.0	Y	referral_only			N	Y	N		Auto-charted from abstract-level info; verify/complete when OA full text is available.
PMID_32703059	32703059	10.1177/0969141320941056	2021	Evaluation of human papillomavirus self-collection offered by community health workers at home visits among under-screen	UNK	UNK	underscreened_general		home_mail	unk	unk	unk	Y	UNK	cytology	program_evaluation	377.0			N	none			N	Y	N		Auto-charted from abstract-level info; verify/complete when OA full text is available.
PMID_32638362	32638362	10.1002/ijc.33189	2021	The European response to the WHO call to eliminate cervical cancer as a public health problem.	UNK	UNK	underscreened_general		other	unk	unk	unk	Y	UNK	cytology	other				N	none			N	N	Y		Auto-charted from abstract-level info; verify/complete when OA full text is available.
PMID_32507855	32507855	10.1038/s41416-020-0920-9	2020	Cervical screening: ESGO-EFC position paper of the European Society of Gynaecologic Oncology (ESGO) and the European Fed	UNK	UNK	underscreened_general		primary_care	clinic_pickup_return_clinic	in_person	unk	Y	UNK	direct_colposcopy	other				Y	referral_only			N	N	Y		Auto-charted from abstract-level info; verify/complete when OA full text is available.
PMID_32489266	32489266	10.3747/co.27.5089	2020	HPV sampling options for cervical cancer screening: preferences of urban-dwelling Canadians in a changing paradigm.	Canada	HIC	never_screened		other	unk	unk	unk	Y	UNK	cytology	observational	2016.0			Y	referral_only			N	Y	N		Auto-charted from abstract-level info; verify/complete when OA full text is available.
PMID_32393243	32393243	10.1186/s12913-020-05214-5	2020	Uptake and acceptability of human papillomavirus self-sampling in rural and remote aboriginal communities: evaluation of	Australia	HIC	never_screened		community_outreach	outreach_event_distribution	mixed	unk	Y	UNK	unk	observational				Y	completion_reported	88.9		N	Y	N		Auto-charted from abstract-level info; verify/complete when OA full text is available.
PMID_32371553	32371553	10.1158/1940-6207.capr-19-0485	2020	Reasons for Not Attending Cervical Cancer Screening and Associated Factors in Rural Ethiopia.	UNK	UNK	other		community_outreach	outreach_event_distribution	mixed	unk	Y	UNK	cytology	cluster_RCT	2356.0			Y	completion_reported	3.1		N	Y	N		Auto-charted from abstract-level info; verify/complete when OA full text is available.
PMID_32361328	32361328	10.1016/j.jcv.2020.104375	2020	Analytical performance of HPV assays on vaginal self-collected vs practitioner-collected cervical samples: the SCoPE stu	Netherlands	HIC	underscreened_general		other	unk	unk	unk	Y	DNA	direct_colposcopy	other				Y	referral_only			N	N	N		Auto-charted from abstract-level info; verify/complete when OA full text is available.
PMID_32343627	32343627	10.1200/go.20.00061	2020	Feasibility, Acceptability, and Efficacy of a Community Health Worker-Driven Approach to Screen Hard-to-Reach Periurban 	UNK	UNK	other		community_outreach	chw_door_to_door	mixed	navigation	Y	UNK	direct_colposcopy	other				Y	completion_reported	6.4		N	Y	N		Auto-charted from abstract-level info; verify/complete when OA full text is available.
PMID_32322684	32322684	10.1089/trgh.2019.0019	2020	Improved Rates of Cervical Cancer Screening Among Transmasculine Patients Through Self-Collected Swabs for High-Risk Hum	UNK	UNK	underscreened_general		primary_care	clinic_pickup_return_clinic	in_person	unk	Y	DNA	cytology	program_evaluation				Y	referral_only			Y	N	N		Auto-charted from abstract-level info; verify/complete when OA full text is available.
PMID_32234744	32234744	10.1136/bmjopen-2019-035153	2020	Assessing the feasibility of a rapid, high-volume cervical cancer screening programme using HPV self-sampling and digita	UNK	UNK	other		other	unk	unk	unk	Y	DNA	direct_colposcopy	program_evaluation				Y	completion_reported	3.8		N	N	N		Auto-charted from abstract-level info; verify/complete when OA full text is available.
PMID_32192493	32192493	10.1186/s12905-020-00921-x	2020	A conjoint analysis study on self-sampling for human papillomavirus (HPV) testing characteristics among black women in I	UNK	UNK	underscreened_general		primary_care	clinic_pickup_return_clinic	in_person	reminders	Y	UNK	unk	observational				Y	referral_only			N	Y	N		Auto-charted from abstract-level info; verify/complete when OA full text is available.
PMID_32168286	32168286	10.1097/olq.0000000000001119	2020	For Human Papillomavirus Self-Sampling, Stated Willingness Does Not Correspond With Subsequent Uptake by Rural Malawian 	UNK	UNK	other		other	unk	unk	unk	Y	UNK	cytology	other				Y	completion_reported	53.0		N	Y	N		Auto-charted from abstract-level info; verify/complete when OA full text is available.
PMID_32037883	32037883	10.1080/10410236.2020.1723047	2021	Evaluating Culturally-targeted Fear Appeal Messages for HPV Self-Sampling among Jamaican Women: A Qualitative Formative 	UNK	UNK	underscreened_general		other	unk	unk	unk	Y	UNK	unk	other				N	none			N	N	N		Auto-charted from abstract-level info; verify/complete when OA full text is available.
PMID_31744374	31744374	10.1177/0969141319885994	2020	Reactions of women underscreened for cervical cancer who received unsolicited human papillomavirus self-sampling kits.	United States	HIC	underscreened_general		home_mail	mail_to_home_return_mail	mail	unk	Y	UNK	cytology	observational	116.0			Y	referral_only			N	Y	N		Auto-charted from abstract-level info; verify/complete when OA full text is available.
PMID_31693128	31693128	10.1001/jamanetworkopen.2019.14729	2019	Effect of Mailed Human Papillomavirus Test Kits vs Usual Care Reminders on Cervical Cancer Screening Uptake, Precancer D	United States	HIC	underscreened_general		home_mail	mail_to_home_return_mail	mail	reminders	Y	UNK	cytology	individual_RCT	9960.0			Y	referral_only			N	N	N		Auto-charted from abstract-level info; verify/complete when OA full text is available.
PMID_31522376	31522376	10.1007/s13187-019-01608-0	2021	Acceptance of Self-Sampling Among Long-Term Cervical Screening Non-Attenders with HPV-Positive Results: Promising Opport	UNK	UNK	nonattenders		home_mail	unk	unk	unk	Y	UNK	cytology	observational		479.0		Y	completion_reported	4.0		N	Y	N		Auto-charted from abstract-level info; verify/complete when OA full text is available.
PMID_31427275	31427275	10.1158/1940-6207.capr-19-0192	2019	Implementation of HPV-based Cervical Cancer Screening Combined with Self-sampling Using a Midwifery Network Across Rural	UNK	UNK	nonattenders		other	unk	unk	unk	Y	DNA	direct_colposcopy	observational				Y	completion_reported	8.6		N	N	N		Auto-charted from abstract-level info; verify/complete when OA full text is available.
PMID_31372572	31372572	10.1016/j.conctc.2019.100413	2019	Improving the promise of embedded pragmatic trials: Surmountable barriers encountered in an evaluation of home-based HPV	UNK	UNK	underscreened_general		home_mail	mail_to_home_return_mail	mail	reminders	Y	UNK	cytology	other				Y	referral_only			N	N	N		Auto-charted from abstract-level info; verify/complete when OA full text is available.
PMID_31285661	31285661	10.3747/co.26.4575	2019	Assessing the impact of mailing self-sampling kits for human papillomavirus testing to unscreened non-responder women in	UNK	UNK	nonattenders		home_mail	mail_to_home_return_mail	mail	reminders	Y	UNK	direct_colposcopy	individual_RCT				Y	referral_only			N	N	N		Auto-charted from abstract-level info; verify/complete when OA full text is available.
PMID_31220062	31220062		2019	Acceptability of human papillomavirus self-sampling for cervical-cancer screening in under-screened Māori and Pasifika w	New Zealand	HIC	underscreened_general		other	unk	unk	unk	Y	DNA	cytology	observational		39.0		Y	referral_only			N	Y	N		Auto-charted from abstract-level info; verify/complete when OA full text is available.
PMID_31036707	31036707	10.1136/bmjopen-2018-025388	2019	Cross-sectional study of HPV testing in self-sampled urine and comparison with matched vaginal and cervical samples in w	UNK	UNK	nonattenders		primary_care	clinic_pickup_return_clinic	in_person	unk	Y	DNA	direct_colposcopy	observational				Y	referral_only			N	Y	N		Auto-charted from abstract-level info; verify/complete when OA full text is available.
PMID_31032904	31032904	10.1002/ijc.32374	2019	Increasing participation in cervical screening by targeting long-term nonattenders: Randomized health services study.	UNK	UNK	nonattenders		other	unk	unk	reminders	Y	DNA	direct_colposcopy	individual_RCT	16437.0		8.7	Y	completion_reported	68.3		N	N	N		Auto-charted from abstract-level info; verify/complete when OA full text is available.
PMID_31002831	31002831	10.1016/j.jviromet.2019.04.015	2019	Increased HPV detection by the use of a pre-heating step on vaginal self-samples analysed by Aptima HPV assay.	UNK	UNK	nonattenders		other	unk	unk	unk	Y	mRNA	unk	other		173.0		Y	completion_reported	4.1		N	N	N		Auto-charted from abstract-level info; verify/complete when OA full text is available.
PMID_30946033	30946033	10.1097/gco.0000000000000542	2019	The advent of human papillomavirus detection for cervical screening.	Australia	HIC	underscreened_general		home_mail	mail_to_home_return_mail	mail	unk	Y	UNK	cytology	individual_RCT				N	none			N	Y	N		Auto-charted from abstract-level info; verify/complete when OA full text is available.
PMID_30718124	30718124	10.1016/j.ygyno.2019.01.021	2019	Cost-effectiveness evaluation of HPV self-testing offered to non-attendees in cervical cancer screening in Switzerland.	UNK	UNK	underscreened_general		other	unk	unk	unk	Y	UNK	direct_colposcopy	program_evaluation				Y	completion_reported	4.0		N	N	Y		Auto-charted from abstract-level info; verify/complete when OA full text is available.
PMID_30651294	30651294	10.1158/1940-6207.capr-18-0419	2019	Participation in Cervical Screening by Self-collection, Pap, or a Choice of Either in Brazil.	UNK	UNK	underscreened_general		community_outreach	chw_door_to_door	mixed	unk	Y	UNK	cytology	individual_RCT				Y	completion_reported	0.0		N	N	N		Auto-charted from abstract-level info; verify/complete when OA full text is available.
PMID_30614524	30614524	10.1111/ajo.12933	2019	Acceptability of self-taken vaginal HPV sample for cervical screening among an under-screened Indigenous population.	New Zealand	HIC	rural_low_access	rural under-screened	community_outreach	outreach_event_distribution	mixed	unk	Y	UNK	cytology	observational		71.0		Y	completion_reported	87.2		N	Y	N		Auto-charted from abstract-level info; verify/complete when OA full text is available.
PMID_30606132	30606132	10.1186/s12889-018-6350-4	2019	A pilot study to evaluate home-based screening for the common non-communicable diseases by a dedicated cadre of communit	UNK	UNK	other		home_mail	mail_to_home_return_mail	mail	unk	Y	UNK	cytology	individual_RCT				Y	completion_reported	42.3		N	N	N		Auto-charted from abstract-level info; verify/complete when OA full text is available.
PMID_30518635	30518635	10.1136/bmj.k4823	2018	Detecting cervical precancer and reaching underscreened women by using HPV testing on self samples: updated meta-analyse	UNK	UNK	underscreened_general		home_mail	mail_to_home_return_mail	mail	reminders	Y	DNA	direct_colposcopy	other		2014.0	5.0	Y	referral_only			N	N	N		Auto-charted from abstract-level info; verify/complete when OA full text is available.
PMID_30518468	30518468		2018	[HPV self-sampling for cervical cancer screening in Denmark].	UNK	UNK	underscreened_general		other	unk	unk	reminders	Y	UNK	unk	other				Y	referral_only			N	N	N		Auto-charted from abstract-level info; verify/complete when OA full text is available.
PMID_30401612	30401612	10.1016/j.whi.2018.09.006	2019	Perceived Susceptibility to Cervical Cancer among African American Women in the Mississippi Delta: Does Adherence to Scr	UNK	UNK	underscreened_general		primary_care	clinic_pickup_return_clinic	in_person	unk	Y	UNK	direct_colposcopy	observational				Y	referral_only			Y	Y	N		Auto-charted from abstract-level info; verify/complete when OA full text is available.
PMID_30179994	30179994	10.1097/lgt.0000000000000430	2018	Preference for Human Papillomavirus Self-Collection and Papanicolaou: Survey of Underscreened Women in North Carolina.	UNK	UNK	underscreened_general		primary_care	clinic_pickup_return_clinic	in_person	unk	Y	UNK	cytology	observational				Y	referral_only			N	Y	N		Auto-charted from abstract-level info; verify/complete when OA full text is available.
PMID_30161053	30161053	10.1097/lgt.0000000000000432	2018	Cervical Cancer Screening for Women With Disabilities: Time for a New Approach?	UNK	UNK	underscreened_general		primary_care	clinic_pickup_return_clinic	in_person	unk	Y	UNK	direct_colposcopy	other				Y	referral_only			Y	N	N		Auto-charted from abstract-level info; verify/complete when OA full text is available.
PMID_30108095	30108095	10.1158/1055-9965.epi-18-0480	2018	Determinants for Participation in Human Papillomavirus Self-Sampling among Nonattenders to Cervical Cancer Screening in 	UNK	UNK	nonattenders		other	unk	unk	unk	Y	UNK	cytology	individual_RCT		21314.0		Y	referral_only			N	N	N		Auto-charted from abstract-level info; verify/complete when OA full text is available.
PMID_29958860	29958860	10.1016/j.ypmed.2018.06.017	2018	Acceptability of self-sampling and human papillomavirus testing among non-attenders of cervical cancer screening program	UNK	UNK	nonattenders		other	unk	unk	unk	Y	UNK	cytology	other		2019.0		Y	referral_only			N	Y	N		Auto-charted from abstract-level info; verify/complete when OA full text is available.
PMID_29783960	29783960	10.1186/s12905-018-0559-3	2018	Performance of OncoE6 cervical test with collection methods enabling self-sampling.	UNK	UNK	other		other	unk	unk	unk	Y	UNK	cytology	other				N	none			N	N	N		Auto-charted from abstract-level info; verify/complete when OA full text is available.
PMID_29689311	29689311	10.1016/j.pvr.2018.04.005	2018	Time and temperature dependent analytical stability of dry-collected Evalyn HPV self-sampling brush for cervical cancer 	UNK	UNK	nonattenders		other	unk	unk	unk	Y	UNK	unk	other				Y	referral_only			N	N	N		Auto-charted from abstract-level info; verify/complete when OA full text is available.
PMID_29686981	29686981	10.3389/fpubh.2018.00077	2018	Self-Sampling for Human Papillomavirus Testing: Increased Cervical Cancer Screening Participation and Incorporation in I	UNK	UNK	underscreened_general		primary_care	clinic_pickup_return_clinic	in_person	unk	Y	UNK	cytology	other				Y	referral_only			N	N	N		Auto-charted from abstract-level info; verify/complete when OA full text is available.
PMID_29594933	29594933	10.1007/s11606-018-4404-z	2018	HPV Self-Sampling for Cervical Cancer Screening Among Ethnic Minority Women in South Florida: a Randomized Trial.	United States	HIC	migrant_minority		community_outreach	chw_door_to_door	mixed	navigation	Y	UNK	cytology	individual_RCT				Y	completion_reported	77.0		N	N	N		Auto-charted from abstract-level info; verify/complete when OA full text is available.
PMID_29507491	29507491	10.3747/co.25.3916	2018	Completing the cervical screening pathway: Factors that facilitate the increase of self-collection uptake among under-sc	Australia	HIC	never_screened		primary_care	clinic_pickup_return_clinic	in_person	unk	Y	UNK	cytology	observational				Y	referral_only			N	N	N		Auto-charted from abstract-level info; verify/complete when OA full text is available.
PMID_29507490	29507490	10.3747/co.25.3851	2018	Strategies to reach marginalized women for cervical cancer screening: A qualitative study of stakeholder perspectives.	Canada	HIC	never_screened		primary_care	clinic_pickup_return_clinic	in_person	unk	Y	UNK	cytology	observational				N	none			N	N	N		Auto-charted from abstract-level info; verify/complete when OA full text is available.
PMID_29136403	29136403	10.1038/bjc.2017.371	2018	High-grade cervical intraepithelial neoplasia in human papillomavirus self-sampling of screening non-attenders.	UNK	UNK	nonattenders		other	unk	unk	unk	Y	UNK	cytology	other		4824.0		Y	completion_reported	6.5		N	N	N		Auto-charted from abstract-level info; verify/complete when OA full text is available.
PMID_29121873	29121873	10.1186/s12885-017-3723-5	2017	Barriers to HPV self-sampling and cytology among low-income indigenous women in rural areas of a middle-income setting: 	UNK	UNK	other	Indigenous/minority focus	home_mail	unk	unk	unk	Y	UNK	cytology	observational				Y	referral_only			N	N	N		Auto-charted from abstract-level info; verify/complete when OA full text is available.
PMID_28866635	28866635	10.1136/sextrans-2017-053235	2018	Acceptability and ease of use of mailed HPV self-collection among infrequently screened women in North Carolina.	UNK	UNK	underscreened_general		home_mail	mail_to_home_return_mail	mail	unk	Y	UNK	cytology	observational		227.0		Y	referral_only			N	Y	N		Auto-charted from abstract-level info; verify/complete when OA full text is available.
PMID_28864487	28864487	10.1136/bmjopen-2017-017384	2017	Self-administered versus provider-directed sampling in the Anishinaabek Cervical Cancer Screening Study (ACCSS): a quali	Canada	HIC	underscreened_general		community_outreach	outreach_event_distribution	mixed	unk	Y	UNK	cytology	cluster_RCT				Y	referral_only			N	Y	N		Auto-charted from abstract-level info; verify/complete when OA full text is available.
PMID_28724543	28724543	10.1136/bmjopen-2017-016309	2017	Cervical cancer screening in rural Bhutan with the careHPV test on self-collected samples: an ongoing cross-sectional, p	UNK	UNK	never_screened		community_outreach	outreach_event_distribution	mixed	unk	Y	UNK	cytology	observational	3648.0	71.0	1.0	Y	referral_only			N	N	N		Auto-charted from abstract-level info; verify/complete when OA full text is available.
PMID_28631511	28631511	10.1080/01443615.2017.1323197	2017	Self-collected cervicovaginal sampling for site-of-care primary HPV-based cervical cancer screening: a pilot study in a 	UNK	UNK	other		primary_care	clinic_pickup_return_clinic	in_person	unk	Y	DNA	direct_colposcopy	observational		100.0	0.0	Y	completion_reported	11.9		N	N	N		Auto-charted from abstract-level info; verify/complete when OA full text is available.
PMID_28589548	28589548	10.1002/ijgo.12204	2017	A pilot study of community-based self-sampling for HPV testing among non-attenders of cervical cancer screening programs	UNK	UNK	nonattenders		home_mail	mail_to_home_return_mail	mail	unk	Y	DNA	unk	observational				Y	referral_only			N	Y	N		Auto-charted from abstract-level info; verify/complete when OA full text is available.
PMID_28195317	28195317	10.1002/ijc.30647	2017	Human papillomavirus self-sampling for screening nonattenders: Opt-in pilot implementation with electronic communication	UNK	UNK	nonattenders		home_mail	unk	unk	reminders	Y	UNK	unk	program_evaluation			31.7	Y	completion_reported	25.0		N	N	N		Auto-charted from abstract-level info; verify/complete when OA full text is available.
PMID_28193227	28193227	10.1186/s13012-017-0548-1	2017	Evaluation of scaling-up of HPV self-collection offered by community health workers at home visits to increase screening	UNK	UNK	underscreened_general		community_outreach	chw_door_to_door	mixed	unk	Y	UNK	cytology	observational		315.0		Y	completion_reported	77.5		N	N	N		Auto-charted from abstract-level info; verify/complete when OA full text is available.
PMID_27632816	27632816	10.3310/hta20680	2016	A cluster randomised trial of strategies to increase cervical screening uptake at first invitation (STRATEGIC).	UNK	UNK	nonattenders		primary_care	clinic_pickup_return_clinic	in_person	navigation	Y	UNK	cytology	cluster_RCT		10126.0	1.3	Y	referral_only			N	Y	Y		Auto-charted from abstract-level info; verify/complete when OA full text is available.
PMID_27624639	27624639	10.1158/1055-9965.epi-16-0350	2017	The Cost-Effectiveness of Cervical Self-Sampling to Improve Routine Cervical Cancer Screening: The Importance of Respond	UNK	UNK	underscreened_general		home_mail	mail_to_home_return_mail	mail	reminders	Y	UNK	cytology	individual_RCT				Y	referral_only			N	N	Y		Auto-charted from abstract-level info; verify/complete when OA full text is available.
PMID_27538390	27538390	10.1186/s12889-016-3474-2	2016	HPV testing: a mixed-method approach to understand why women prefer self-collection in a middle-income country.	UNK	UNK	nonattenders		primary_care	clinic_pickup_return_clinic	in_person	unk	Y	UNK	cytology	observational				Y	referral_only			N	Y	Y		Auto-charted from abstract-level info; verify/complete when OA full text is available.
PMID_27235844	27235844	10.1177/0969141316639346	2017	Offering self-sampling to cervical screening non-attenders in primary care.	UNK	UNK	nonattenders		home_mail	unk	unk	unk	Y	DNA	cytology	program_evaluation			14.0	Y	completion_reported	85.0		N	Y	N		Auto-charted from abstract-level info; verify/complete when OA full text is available.
PMID_27073929	27073929	10.1371/journal.pone.0151978	2016	Self-Sampling for Human Papillomavirus Testing among Non-Attenders Increases Attendance to the Norwegian Cervical Cancer	UNK	UNK	nonattenders		home_mail	unk	unk	reminders	Y	DNA	cytology	individual_RCT		33.0	3.4	Y	completion_reported	23.2		N	N	N		Auto-charted from abstract-level info; verify/complete when OA full text is available.
PMID_26985849	26985849	10.5694/mja15.00912	2016	Impact of HPV sample self-collection for underscreened women in the renewed Cervical Screening Program.	Australia	HIC	underscreened_general		other	unk	unk	unk	Y	UNK	cytology	other				N	none			N	N	N		Auto-charted from abstract-level info; verify/complete when OA full text is available.
PMID_26723863	26723863	10.1016/j.jfma.2015.10.014	2016	Self-sampling HPV test in women not undergoing Pap smear for more than 5 years and factors associated with under-screeni	UNK	UNK	underscreened_general		home_mail	mail_to_home_return_mail	mail	reminders	Y	UNK	direct_colposcopy	individual_RCT	2010.0	2012.0	5.0	Y	referral_only			N	Y	Y		Auto-charted from abstract-level info; verify/complete when OA full text is available.
PMID_26536865	26536865	10.1186/s12885-015-1804-x	2015	Women's experience with home-based self-sampling for human papillomavirus testing.	Australia	HIC	underscreened_general		home_mail	mail_to_home_return_mail	mail	unk	Y	UNK	cytology	observational		1521.0		Y	referral_only			N	Y	N		Auto-charted from abstract-level info; verify/complete when OA full text is available.
PMID_26462192	26462192	10.1097/olq.0000000000000345	2015	Vaginal Self-Sampling for Human Papillomavirus Infection as a Primary Cervical Cancer Screening Tool in a Haitian Popula	UNK	UNK	underscreened_general		primary_care	clinic_pickup_return_clinic	in_person	unk	Y	DNA	direct_colposcopy	other				Y	referral_only			N	N	N		Auto-charted from abstract-level info; verify/complete when OA full text is available.
PMID_26265118	26265118	10.1111/jrh.12136	2016	Barriers and Facilitators to Cervical Cancer Screening Among Women in Rural Ontario, Canada: The Role of Self-Collected 	Canada	HIC	rural_low_access	rural under-screened	community_outreach	outreach_event_distribution	mixed	unk	Y	UNK	cytology	other				N	none			N	Y	N		Auto-charted from abstract-level info; verify/complete when OA full text is available.
PMID_26028338	26028338	10.1071/sh14236	2015	Women's views on human papillomavirus self-sampling: focus groups to assess acceptability, invitation letters and a test	Australia	HIC	never_screened		home_mail	mail_to_home_return_mail	mail	reminders	Y	UNK	cytology	other				Y	referral_only			N	Y	Y		Auto-charted from abstract-level info; verify/complete when OA full text is available.
PMID_25742805	25742805	10.1177/0969141315573345	2015	Consultation rates in cervical screening non-attenders: opportunities to increase screening uptake in GP primary care.	UNK	UNK	nonattenders		primary_care	clinic_pickup_return_clinic	in_person	unk	Y	UNK	cytology	other				Y	completion_reported	32.0		N	N	N		Auto-charted from abstract-level info; verify/complete when OA full text is available.
PMID_25403717	25403717	10.1177/0969141314558785	2015	A randomized controlled trial in non-responders from Newcastle upon Tyne invited to return a self-sample for Human Papil	UNK	UNK	nonattenders		home_mail	mail_to_home_return_mail	mail	unk	Y	DNA	direct_colposcopy	individual_RCT	6000.0	411.0	6.8	Y	completion_reported	13.0		N	N	N		Auto-charted from abstract-level info; verify/complete when OA full text is available.
PMID_25148227	25148227	10.1097/lgt.0000000000000051	2015	Feasibility of at-home self-sampling for HPV testing as an appropriate screening strategy for nonparticipants in Switzer	UNK	UNK	underscreened_general		home_mail	mail_to_home_return_mail	mail	unk	Y	UNK	cytology	observational				Y	referral_only			N	Y	N		Auto-charted from abstract-level info; verify/complete when OA full text is available.
PMID_24880188	24880188	10.1016/j.ijgo.2014.02.026	2014	Acceptability of self-collected versus provider-collected sampling for HPV DNA testing among women in rural El Salvador.	UNK	UNK	rural_low_access	rural under-screened	home_mail	unk	unk	unk	Y	UNK	unk	individual_RCT				Y	referral_only			N	Y	N		Auto-charted from abstract-level info; verify/complete when OA full text is available.
PMID_23712523	23712523	10.1002/ijc.28283	2013	HPV self-sampling or the Pap-smear: a randomized study among cervical screening nonattenders from lower socioeconomic gr	France	HIC	nonattenders		other	unk	unk	unk	Y	UNK	cytology	individual_RCT	2011.0		18.3	Y	completion_reported	2.0		N	N	N		Auto-charted from abstract-level info; verify/complete when OA full text is available.
PMID_23377716	23377716	10.1353/hpu.2013.0017	2013	Cervical cancer screening preferences among African American women in the Mississippi Delta.	United States	HIC	underscreened_general		primary_care	clinic_pickup_return_clinic	in_person	unk	Y	UNK	cytology	observational				Y	referral_only			N	Y	N		Auto-charted from abstract-level info; verify/complete when OA full text is available.
PMID_22172570	22172570	10.1016/j.ejca.2011.11.022	2012	Offering self-sampling for human papillomavirus testing to non-attendees of the cervical screening programme: Characteri	Netherlands	HIC	underscreened_general		other	unk	unk	unk	Y	DNA	cytology	other		39.0		Y	completion_reported	30.0		N	N	N		Auto-charted from abstract-level info; verify/complete when OA full text is available.
PMID_21497619	21497619	10.1016/j.ypmed.2011.03.018	2011	Comparative community outreach to increase cervical cancer screening in the Mississippi Delta.	United States	HIC	underscreened_general		community_outreach	outreach_event_distribution	mixed	unk	Y	DNA	cytology	other			80.5	Y	completion_reported	40.5		N	N	Y		Auto-charted from abstract-level info; verify/complete when OA full text is available.
PMID_21343937	21343937	10.1038/bjc.2011.48	2011	HPV self-sampling as an alternative strategy in non-attenders for cervical screening - a randomised controlled trial.	UNK	UNK	nonattenders		other	unk	unk	unk	Y	UNK	direct_colposcopy	individual_RCT				Y	completion_reported	4.5		N	N	N		Auto-charted from abstract-level info; verify/complete when OA full text is available.
PMID_21115503	21115503	10.1136/sti.2010.046326	2011	Optimising human papillomavirus self-testing for high risk women.	UNK	UNK	other		home_mail	unk	unk	unk	Y	UNK	cytology	other				N	none			N	N	N		Auto-charted from abstract-level info; verify/complete when OA full text is available.
PMID_20572091	20572091	10.1002/jmv.21835	2010	Testing for human papillomavirus and measurement of viral load of HPV 16 and 18 in self-collected vaginal swabs of women	France	HIC	migrant_minority		other	unk	unk	unk	Y	DNA	cytology	other				Y	referral_only			N	N	N		Auto-charted from abstract-level info; verify/complete when OA full text is available.
PMID_17724326	17724326	10.1503/cmaj.070013	2007	Feasibility of self-collection of specimens for human papillomavirus testing in hard-to-reach women.	UNK	UNK	other		community_outreach	outreach_event_distribution	mixed	unk	Y	DNA	cytology	other				Y	referral_only			N	N	N		Auto-charted from abstract-level info; verify/complete when OA full text is available.
PMID_17362570	17362570	10.1258/096914107780154486	2007	Human papillomavirus testing by self-sampling: assessment of accuracy in an unsupervised clinical setting.	UNK	UNK	nonattenders		primary_care	clinic_pickup_return_clinic	in_person	unk	Y	UNK	direct_colposcopy	other				Y	referral_only			N	Y	N		Auto-charted from abstract-level info; verify/complete when OA full text is available.
PMID_41782308	41782308	10.1002/cam4.71654	2026	Native American Women's Willingness to Screen for Both Cervical and Colorectal Cancer at Home.	UNK	UNK	other		home_mail	mail_to_home_return_mail	mail	unk	Y	UNK	unk	observational		45.0		Y	referral_only			N	N	N		Auto-charted from abstract-level info; verify/complete when OA full text is available.
PMID_40705442	40705442	10.2196/70251	2025	Design and Validation of a Chatbot-Based Cervical Cancer Screening Decision Aid for Women Experiencing Socioeconomic Dis	France	HIC	other		other	unk	unk	unk	Y	UNK	cytology	observational				N	none			N	Y	N		Auto-charted from abstract-level info; verify/complete when OA full text is available.
PMID_40383738	40383738	10.1007/s12672-025-02432-3	2025	Modelling the cost-effectiveness of cervical cancer screening with HPV self-sampling and molecular triage for women aged	UNK	UNK	other		other	unk	unk	unk	Y	UNK	direct_colposcopy	other				Y	referral_only			N	N	Y		Auto-charted from abstract-level info; verify/complete when OA full text is available.
PMID_40361993	40361993	10.3390/diagnostics15091176	2025	Advancing Cervical Cancer Prevention Equity: Innovations in Self-Sampling and Digital Health Technologies Across Healthc	UNK	UNK	other		community_outreach	outreach_event_distribution	mixed	reminders	Y	UNK	unk	program_evaluation			35.0	N	none			N	Y	Y		Auto-charted from abstract-level info; verify/complete when OA full text is available.
PMID_40214249	40214249	10.1128/jcm.01852-24	2025	Diagnostic accuracy of the Daye diagnostic tampon compared to clinician-collected and self-collected vaginal swabs for d	UNK	UNK	other		primary_care	clinic_pickup_return_clinic	in_person	unk	Y	DNA	cytology	other				N	none			Y	Y	N		Auto-charted from abstract-level info; verify/complete when OA full text is available.
PMID_40192218	40192218	10.1111/aogs.15112	2025	Self-collected vaginal HPV samples for long-term non-attendees in the Swedish organized cervical cancer screening progra	UNK	UNK	other		home_mail	unk	unk	unk	Y	DNA	direct_colposcopy	other		71.0	9.4	Y	completion_reported	80.2		N	N	N		Auto-charted from abstract-level info; verify/complete when OA full text is available.
PMID_39796637	39796637	10.3390/cancers17010005	2024	Overcoming Cultural Barriers and Building Healthcare Trust: A Mixed Methods Study on Cervical Cancer Prevention Among Ar	United States	HIC	other		home_mail	unk	unk	unk	Y	UNK	cytology	observational				Y	referral_only			Y	N	N		Auto-charted from abstract-level info; verify/complete when OA full text is available.
PMID_39617104	39617104	10.1016/j.amepre.2024.11.012	2025	Modeling HPV Self-Sampling Impact on Cervical Cancer in East African Immigrants.	United States	HIC	migrant_minority		primary_care	clinic_pickup_return_clinic	in_person	unk	Y	UNK	direct_colposcopy	other				Y	completion_reported	70.0		N	N	N		Auto-charted from abstract-level info; verify/complete when OA full text is available.
PMID_39313668	39313668	10.1007/s11606-024-09026-9	2024	Strategies to Optimize Cervical Cancer Screening Rates Among Transgender and Gender-Diverse People Assigned Female at Bi	UNK	UNK	other		community_outreach	outreach_event_distribution	mixed	unk	Y	UNK	unk	other				Y	referral_only			N	N	N		Auto-charted from abstract-level info; verify/complete when OA full text is available.
PMID_39001547	39001547	10.3390/cancers16132485	2024	Enhancing Cervical Cancer Screening with 7-Type HPV mRNA E6/E7 Testing on Self-Collected Samples: Multicentric Insights 	UNK	UNK	other		home_mail	unk	unk	unk	Y	mRNA	direct_colposcopy	observational				Y	referral_only			N	Y	Y		Auto-charted from abstract-level info; verify/complete when OA full text is available.
PMID_38770733	38770733	10.19191/ep24.2.a670.043	2024	Management choices for better outcomes in oncologic screening programmes.	UNK	UNK	nonattenders		other	unk	unk	reminders	Y	UNK	unk	other		2019.0	8.5	Y	referral_only			N	N	N		Auto-charted from abstract-level info; verify/complete when OA full text is available.
PMID_37528945	37528945	10.1017/cts.2023.578	2023	Feasibility and anticipated acceptability of community health worker-facilitated HPV self-sampling for cervical cancer s	UNK	UNK	other		community_outreach	chw_door_to_door	mixed	unk	Y	UNK	cytology	observational				N	none			Y	Y	N		Auto-charted from abstract-level info; verify/complete when OA full text is available.
PMID_37174865	37174865	10.3390/healthcare11091323	2023	Intervention to Increase Cervical Cancer Screening Behavior among Medically Underserved Women: Effectiveness of 3R Commu	UNK	UNK	other		other	unk	unk	unk	Y	DNA	cytology	observational				Y	completion_reported	75.0		N	Y	N		Auto-charted from abstract-level info; verify/complete when OA full text is available.
PMID_36176779	36176779	10.2147/rmhp.s296914	2022	An Overview of HPV Screening Tests to Improve Access to Cervical Cancer Screening Amongst Underserved Populations: From 	UNK	UNK	other		primary_care	clinic_pickup_return_clinic	in_person	unk	Y	mRNA	direct_colposcopy	program_evaluation				Y	referral_only			N	N	N		Auto-charted from abstract-level info; verify/complete when OA full text is available.
PMID_36047900	36047900	10.1128/spectrum.01631-22	2022	Clinical Performance of the RealTime High Risk HPV Assay on Self-Collected Vaginal Samples within the VALHUDES Framework	UNK	UNK	other		primary_care	clinic_pickup_return_clinic	in_person	unk	Y	UNK	direct_colposcopy	other	486.0			Y	referral_only			N	N	N		Auto-charted from abstract-level info; verify/complete when OA full text is available.
PMID_36008554	36008554	10.1038/s41598-022-18800-w	2022	Implementation of a self-sampling HPV test for non-responders to cervical cancer screening in Japan: secondary analysis 	UNK	UNK	nonattenders		other	unk	unk	unk	Y	UNK	cytology	individual_RCT				N	none			N	N	N		Auto-charted from abstract-level info; verify/complete when OA full text is available.
PMID_35287163	35287163	10.1371/journal.pone.0262213	2022	Reasons for non-attendance to cervical cancer screening and acceptability of HPV self-sampling among Bruneian women: A c	UNK	UNK	other		home_mail	unk	unk	unk	Y	DNA	cytology	observational				Y	completion_reported	5.7		N	Y	N		Auto-charted from abstract-level info; verify/complete when OA full text is available.
PMID_34715579	34715579	10.1016/j.jcv.2021.105017	2021	Comparative analysis between self-collected and clinician-collected samples for HPV testing in public health facilities 	UNK	UNK	other		primary_care	clinic_pickup_return_clinic	in_person	unk	Y	mRNA	cytology	other				N	none			N	Y	N		Auto-charted from abstract-level info; verify/complete when OA full text is available.
PMID_34566436	34566436	10.2147/ijwh.s288376	2021	Cervical Cancer Screening Postpandemic: Self-Sampling Opportunities to Accelerate the Elimination of Cervical Cancer.	UNK	UNK	other		other	unk	unk	unk	Y	UNK	cytology	other				N	none			N	N	N		Auto-charted from abstract-level info; verify/complete when OA full text is available.
PMID_34217415	34217415	10.1016/j.ypmed.2021.106596	2021	Impact of COVID-19 on cervical cancer screening: Challenges and opportunities to improving resilience and reduce dispari	UNK	UNK	other		other	unk	unk	unk	Y	UNK	cytology	other				N	none			Y	N	N		Auto-charted from abstract-level info; verify/complete when OA full text is available.
PMID_34175345	34175345	10.1016/j.jviromet.2021.114219	2021	Performance of a six-methylation-marker assay on self-collected cervical samples - A feasibility study.	UNK	UNK	other		primary_care	clinic_pickup_return_clinic	in_person	unk	Y	DNA	direct_colposcopy	other				Y	referral_only			N	N	N		Auto-charted from abstract-level info; verify/complete when OA full text is available.
PMID_33842403	33842403	10.15430/jcp.2021.26.1.25	2021	Promotion of Cervical Screening among Long-term Non-attendees by Human Papillomavirus Self-sampling.	UNK	UNK	other		other	unk	unk	unk	Y	mRNA	cytology	other		353.0		Y	completion_reported	85.7		N	N	N		Auto-charted from abstract-level info; verify/complete when OA full text is available.
PMID_32280123	32280123	10.1353/cpr.2020.0008	2020	Implementing Two Randomized Pragmatic Trials of HPV Self-sampling among Underserved Women: Challenges and Lessons Learne	UNK	UNK	migrant_minority		community_outreach	outreach_event_distribution	mixed	navigation	Y	UNK	cytology	individual_RCT				Y	referral_only			Y	N	N		Auto-charted from abstract-level info; verify/complete when OA full text is available.
PMID_32082413	32082413	10.1186/s13027-020-00280-0	2020	Cervical cancer prevention among long-term screening non-attendees by vaginal self-collected samples for hr-HPV mRNA det	UNK	UNK	other		other	unk	unk	unk	Y	mRNA	cytology	individual_RCT	2018.0	2018.0	100.0	Y	referral_only			N	N	N		Auto-charted from abstract-level info; verify/complete when OA full text is available.
PMID_31054907	31054907	10.1016/j.ypmed.2019.04.025	2019	Experience with HPV self-sampling and clinician-based sampling in women attending routine cervical screening in the Neth	Netherlands	HIC	other		primary_care	clinic_pickup_return_clinic	in_person	unk	Y	UNK	unk	individual_RCT				Y	referral_only			N	Y	N		Auto-charted from abstract-level info; verify/complete when OA full text is available.
PMID_29569715	29569715	10.1002/ijc.31391	2018	A randomized, controlled trial of two strategies of offering the home-based HPV self-sampling test to non- participants 	UNK	UNK	nonattenders		home_mail	mail_to_home_return_mail	mail	reminders	Y	DNA	cytology	individual_RCT	118.0			Y	completion_reported	88.9		N	Y	N		Auto-charted from abstract-level info; verify/complete when OA full text is available.
PMID_28579497	28579497	10.1016/j.ypmed.2017.05.021	2017	High-risk human papillomavirus detection in self-sampling compared to physician-taken smear in a responder population of	Netherlands	HIC	nonattenders		other	unk	unk	unk	Y	DNA	cytology	program_evaluation	2015.0			Y	referral_only			N	Y	N		Auto-charted from abstract-level info; verify/complete when OA full text is available.
PMID_28418208	28418208	10.1111/jog.13258	2017	Accuracy of self-collected human papillomavirus samples from Japanese women with abnormal cervical cytology.	UNK	UNK	nonattenders		home_mail	unk	unk	unk	Y	UNK	cytology	observational				Y	referral_only			N	Y	N		Auto-charted from abstract-level info; verify/complete when OA full text is available.
PMID_27459506	27459506	10.1080/14737159.2016.1217157	2016	Management of high-risk HPV-positive women for detection of cervical (pre)cancer.	UNK	UNK	other		primary_care	clinic_pickup_return_clinic	in_person	unk	Y	DNA	direct_colposcopy	other				Y	referral_only			N	N	N		Auto-charted from abstract-level info; verify/complete when OA full text is available.
PMID_27268612	27268612		2016	Knowledge and Attitudes of Bangkok Metropolitan Women towards HPV and Self-Sampled HPV Testing.	UNK	UNK	other		other	unk	unk	unk	Y	UNK	unk	observational				Y	referral_only			N	Y	N		Auto-charted from abstract-level info; verify/complete when OA full text is available.
PMID_26991464	26991464	10.1002/ijc.30090	2016	The clinical value of HPV genotyping in triage of women with high-risk-HPV-positive self-samples.	UNK	UNK	other		primary_care	clinic_pickup_return_clinic	in_person	unk	Y	DNA	cytology	individual_RCT	520.0			Y	referral_only			N	Y	N		Auto-charted from abstract-level info; verify/complete when OA full text is available.
PMID_26919866	26919866	10.1177/0969141315625702	2016	HPV self-sampling in Japanese women: A feasibility study in a population with limited experience of tampon use.	UNK	UNK	nonattenders		other	unk	unk	unk	Y	UNK	cytology	other				Y	referral_only			N	Y	N		Auto-charted from abstract-level info; verify/complete when OA full text is available.
PMID_25985991	25985991	10.1186/s12885-015-1411-x	2015	Concordance analysis of methylation biomarkers detection in self-collected and physician-collected samples in cervical n	UNK	UNK	other		primary_care	clinic_pickup_return_clinic	in_person	unk	Y	UNK	cytology	other				Y	referral_only			N	Y	N		Auto-charted from abstract-level info; verify/complete when OA full text is available.
PMID_25713024	25713024	10.1158/1055-9965.epi-14-1417	2015	Offering Self-Sampling Kits for HPV Testing to Reach Women Who Do Not Attend in the Regular Cervical Cancer Screening Pr	Netherlands	HIC	other		primary_care	clinic_pickup_return_clinic	in_person	unk	Y	DNA	cytology	other				Y	referral_only			N	N	Y		Auto-charted from abstract-level info; verify/complete when OA full text is available.
PMID_25432954	25432954	10.1158/1055-9965.epi-14-0998	2015	Offering Self-Sampling to Non-Attendees of Organized Primary HPV Screening: When Do Harms Outweigh the Benefits?	UNK	UNK	other		other	unk	unk	unk	Y	UNK	cytology	other				Y	completion_reported	30.0		N	N	Y		Auto-charted from abstract-level info; verify/complete when OA full text is available.
PMID_25284037	25284037	10.1016/j.ygyno.2014.09.019	2014	Self-sampling experiences among non-attendees to cervical screening.	UNK	UNK	migrant_minority		other	unk	unk	unk	Y	UNK	cytology	observational			8.8	Y	referral_only			N	Y	N		Auto-charted from abstract-level info; verify/complete when OA full text is available.
PMID_25032730	25032730	10.1038/bjc.2014.392	2014	DNA methylation analysis in self-sampled brush material as a triage test in hrHPV-positive women.	UNK	UNK	nonattenders		other	unk	unk	unk	Y	DNA	cytology	other				Y	referral_only			N	N	N		Auto-charted from abstract-level info; verify/complete when OA full text is available.
PMID_24923998	24923998	10.1002/ijc.29026	2015	Comparative performance of novel self-sampling methods in detecting high-risk human papillomavirus in 30,130 women not a	UNK	UNK	nonattenders		other	unk	unk	unk	Y	DNA	direct_colposcopy	individual_RCT		5218.0		Y	referral_only			N	N	N		Auto-charted from abstract-level info; verify/complete when OA full text is available.
PMID_24598044	24598044	10.1586/14737159.2014.893829	2014	Arguments in favor of HPV testing for cervical screening and post-treatment CIN2+ monitoring.	Netherlands	HIC	other		other	unk	unk	unk	Y	UNK	cytology	other				Y	referral_only			N	N	N		Auto-charted from abstract-level info; verify/complete when OA full text is available.
PMID_24529697	24529697	10.1016/s1470-2045(14)70019-1	2014	Triage by methylation-marker testing versus cytology in women who test HPV-positive on self-collected cervicovaginal spe	Netherlands	HIC	other		other	unk	unk	unk	Y	DNA	direct_colposcopy	individual_RCT	819.0	46001.0		Y	completion_reported	5.0		N	N	N		Auto-charted from abstract-level info; verify/complete when OA full text is available.
PMID_23867008	23867008	10.1016/j.jcv.2013.06.029	2013	Comparison of use of vaginal HPV self-sampling and offering flexible appointments as strategies to reach long-term non-a	UNK	UNK	other		primary_care	clinic_pickup_return_clinic	in_person	unk	Y	UNK	direct_colposcopy	individual_RCT	1000.0			Y	completion_reported	70.0		N	N	N		Auto-charted from abstract-level info; verify/complete when OA full text is available.
PMID_23707925	23707925	10.1016/j.jviromet.2013.05.009	2013	Evaluation of a multiplex real time PCR assay for the detection of human papillomavirus infections on self-collected cer	UNK	UNK	nonattenders		primary_care	clinic_pickup_return_clinic	in_person	unk	Y	DNA	direct_colposcopy	other				Y	referral_only			N	N	N		Auto-charted from abstract-level info; verify/complete when OA full text is available.
PMID_23639287	23639287	10.1186/1472-6874-13-21	2013	A second generation cervico-vaginal lavage device shows similar performance as its preceding version with respect to DNA	Netherlands	HIC	nonattenders		primary_care	clinic_pickup_return_clinic	in_person	unk	Y	DNA	unk	other			5.4	Y	referral_only			N	Y	N		Auto-charted from abstract-level info; verify/complete when OA full text is available.
PMID_23518442	23518442	10.1016/j.jcv.2013.02.016	2013	Clinical evaluation of high-risk HPV detection on self-samples using the indicating FTA-elute solid-carrier cartridge.	UNK	UNK	nonattenders		primary_care	clinic_pickup_return_clinic	in_person	unk	Y	DNA	direct_colposcopy	other				Y	referral_only			N	N	N		Auto-charted from abstract-level info; verify/complete when OA full text is available.
PMID_23137168	23137168	10.1111/1469-0691.12063	2013	Vaginal self-sampling is an adequate means of screening HR-HPV types in women not participating in regular cervical canc	France	HIC	nonattenders		home_mail	unk	unk	unk	Y	UNK	cytology	other				Y	completion_reported	9.3		N	N	N		Auto-charted from abstract-level info; verify/complete when OA full text is available.
PMID_23017435	23017435	10.1016/j.jcv.2012.09.002	2013	Vaginal self-sampling without preservative for human papillomavirus testing shows good sensitivity.	UNK	UNK	other		primary_care	clinic_pickup_return_clinic	in_person	unk	Y	UNK	direct_colposcopy	other				Y	referral_only			N	N	Y		Auto-charted from abstract-level info; verify/complete when OA full text is available.
PMID_22021733	22021733	10.1136/bmjopen-2010-000030	2011	Feasibility of self-sampling and human papillomavirus testing for cervical cancer screening in First Nation women from N	Canada	HIC	other		community_outreach	outreach_event_distribution	mixed	unk	Y	UNK	cytology	observational				Y	referral_only			N	N	N		Auto-charted from abstract-level info; verify/complete when OA full text is available.
PMID_21752985	21752985	10.1158/1055-9965.epi-11-0307	2011	Self-sample HPV tests as an intervention for nonattendees of cervical cancer screening in Finland: a randomized trial.	UNK	UNK	other		other	unk	unk	reminders	Y	DNA	cytology	individual_RCT	2397.0	76.0	6.0	Y	completion_reported	4.0		N	N	N		Auto-charted from abstract-level info; verify/complete when OA full text is available.
PMID_21700548	21700548	10.1684/bdc.2011.1388	2011	[HPV-Hr detection by home self sampling in women not compliant with pap test for cervical cancer screening. Results of a	France	HIC	nonattenders		other	unk	unk	unk	Y	UNK	cytology	individual_RCT	334.0	35.0	6.4	Y	referral_only			N	N	N		Auto-charted from abstract-level info; verify/complete when OA full text is available.
PMID_21484793	21484793	10.1002/ijc.26128	2012	Experience with high-risk human papillomavirus testing on vaginal brush-based self-samples of non-attendees of the cervi	UNK	UNK	other		other	unk	unk	unk	Y	DNA	direct_colposcopy	individual_RCT				Y	completion_reported	89.1		N	N	N		Auto-charted from abstract-level info; verify/complete when OA full text is available.
PMID_19943103	19943103	10.1007/s10552-009-9474-0	2010	Assessing the acceptability of self-sampling for HPV among Haitian immigrant women: CBPR in action.	UNK	UNK	migrant_minority		home_mail	unk	unk	unk	Y	UNK	cytology	other				N	none			N	Y	N		Auto-charted from abstract-level info; verify/complete when OA full text is available.
